mean_hamming,variance_hamming,mean_euclidean,variance_euclidean
0.597,0.240593,0.597, 0.240593
1.182,0.522875,0.96584, 0.249142
1.795,0.756978,1.26152, 0.203559
2.448,0.987288,1.51589, 0.150065
3.054,1.28108,1.70793, 0.136967
3.658,1.56303,1.87549, 0.140553
4.239,1.89588,2.02471, 0.139561
4.857,2.09256,2.17548, 0.1243
5.375,2.53038,2.28946, 0.133371
5.884,2.76055,2.39851, 0.131126
6.485,2.86976,2.52336, 0.117592
7.034,3.19284,2.62942, 0.120105
7.527,3.49327,2.72084, 0.123968
8.027,4.04827,2.80931, 0.13471
8.58,4.47161,2.9056, 0.137451
9.186,4.34341,3.01019, 0.124772
9.873,4.30087,3.12393, 0.114096
10.459,4.73231,3.21581, 0.117589
11.1,5.146,3.31352, 0.120642
11.674,6.01972,3.39721, 0.133026
12.169,5.96843,3.47045, 0.124982
12.789,6.39246,3.55815, 0.128603
13.357,6.73155,3.63689, 0.130019
13.78,7.13359,3.69419, 0.132946
14.411,6.93206,3.77989, 0.123475
15.022,7.28752,3.85985, 0.123596
15.305,7.40599,3.89646, 0.122591
15.821,7.31695,3.96287, 0.116681
16.45,7.82952,4.04104, 0.119971
17.09,7.73191,4.12015, 0.114354
17.51,8.18396,4.17026, 0.118875
18.197,8.20619,4.25226, 0.115291
18.68,8.99558,4.30772, 0.123542
19.302,9.32085,4.37928, 0.123889
19.925,9.63539,4.44997, 0.122716
20.44,9.92837,4.50748, 0.122618
20.992,9.69594,4.56899, 0.116342
21.515,10.1678,4.62559, 0.11892
22.017,10.5867,4.67915, 0.122561
22.541,10.1224,4.73559, 0.11522
23.029,10.6482,4.78637, 0.119653
23.608,11.5404,4.84589, 0.125379
24.159,11.3677,4.90298, 0.119788
24.63,12.0551,4.95011, 0.126417
25.177,11.8617,5.0056, 0.120988
25.82,11.1996,5.07052, 0.109864
26.244,11.5385,5.11201, 0.11137
26.698,11.4448,5.15651, 0.108562
27.121,11.6584,5.19737, 0.108471
27.565,11.5658,5.24017, 0.10568
28.036,11.2267,5.28538, 0.100867
28.713,12.2506,5.3484, 0.107729
29.191,12.6545,5.39278, 0.109072
29.607,13.2185,5.43083, 0.11328
30.214,13.5222,5.48643, 0.11318
30.59,14.3139,5.52013, 0.118202
31.016,14.5017,5.55864, 0.117639
31.493,14.346,5.60165, 0.114666
32.101,15.4848,5.65498, 0.122208
32.934,15.2796,5.72858, 0.117483
33.567,16.0695,5.78319, 0.121819
34.106,16.9348,5.82928, 0.125579
34.467,18.0309,5.85959, 0.132254
35.001,19.125,5.90445, 0.138625
35.5,17.362,5.94775, 0.124378
35.933,18.0705,5.9837, 0.128474
36.152,19.6489,6.00113, 0.138583
36.508,18.7079,6.0314, 0.130363
37.128,20.3596,6.08176, 0.140419
37.396,20.7533,6.10358, 0.142577
38.025,20.7664,6.15502, 0.140964
38.493,19.7,6.19364, 0.131987
39.087,20.0174,6.24142, 0.13193
39.401,20.7521,6.26621, 0.1359
40.028,20.4512,6.31636, 0.13176
40.606,19.8148,6.36245, 0.125437
41.003,19.131,6.39403, 0.1196
41.535,19.5788,6.43534, 0.121561
41.937,20.037,6.46645, 0.122135
42.342,20.401,6.49763, 0.122977
42.775,21.1604,6.53057, 0.126766
43.248,20.4685,6.56715, 0.120752
43.965,21.7258,6.62113, 0.125875
44.471,22.4651,6.659, 0.128896
44.956,21.4081,6.69593, 0.120728
45.4,19.95,6.72971, 0.111113
45.903,20.8056,6.76675, 0.114215
46.417,20.5051,6.80485, 0.111193
46.982,20.1957,6.84644, 0.108507
47.223,21.8173,6.86347, 0.116069
47.882,22.5081,6.91117, 0.117856
48.251,22.2379,6.938, 0.115325
48.794,23.8916,6.97647, 0.123022
49.188,24.0527,7.00465, 0.123155
49.62,26.3076,7.03468, 0.133494
50.38,28.4716,7.08783, 0.1428
50.933,27.7245,7.12707, 0.137957
51.256,28.6925,7.14938, 0.142402
51.612,28.3455,7.17446, 0.139245
51.76,27.9444,7.18497, 0.136327
52.249,29.6212,7.21842, 0.143439
52.705,32.1299,7.24916, 0.154669
53.172,30.3805,7.282, 0.144471
53.845,28.6349,7.32869, 0.13535
54.52,28.6796,7.37464, 0.13451
54.853,27.8874,7.39757, 0.128895
55.16,25.2684,7.41915, 0.116296
55.743,25.5789,7.45831, 0.116631
56.165,25.3278,7.48671, 0.114124
56.88,26.0796,7.53419, 0.115987
56.93,25.7791,7.53761, 0.114478
57.296,26.3624,7.56168, 0.116906
57.688,27.4866,7.5873, 0.120881
57.911,28.1211,7.60186, 0.122781
58.392,29.0863,7.63317, 0.126628
58.701,29.6036,7.65327, 0.128389
59.082,27.0513,7.67892, 0.116121
59.384,26.0185,7.69892, 0.110629
59.603,26.6534,7.71299, 0.112827
60.065,26.2388,7.74303, 0.110426
60.38,25.6916,7.76355, 0.107233
61.233,26.7267,7.81811, 0.110153
61.679,27.062,7.84656, 0.110521
62.249,26.1712,7.88309, 0.105837
62.745,25.3,7.91479, 0.101182
63.138,25.143,7.93966, 0.0998856
63.431,25.0392,7.95815, 0.0990134
64.038,25.8885,7.99603, 0.101612
64.282,26.6205,8.01111, 0.104175
64.506,24.682,8.02558, 0.0961608
65.121,25.8303,8.06356, 0.100015
65.645,24.799,8.0963, 0.0949693
65.894,26.4967,8.11128, 0.101209
66.67,25.0491,8.15938, 0.0946626
66.858,25.6359,8.17077, 0.0966412
67.347,28.1586,8.20008, 0.105782
67.59,27.3999,8.21513, 0.101757
67.897,26.6124,8.234, 0.0985079
68.646,29.2807,8.27879, 0.10777
69.089,29.5171,8.30546, 0.108415
69.684,28.9242,8.3414, 0.105176
70.191,27.4385,8.37212, 0.0986469
70.762,27.5413,8.4062, 0.0979782
71.348,25.6549,8.44143, 0.0904791
71.969,25.92,8.47813, 0.0904532
72.201,28.3006,8.49135, 0.0981435
72.403,29.4006,8.50302, 0.101804
73.101,30.0368,8.54384, 0.103841
73.372,28.0257,8.56012, 0.0963926
73.987,27.3968,8.59616, 0.0931318
74.53,28.6751,8.62743, 0.0974425
75.207,29.3422,8.66649, 0.0989558
75.441,33.0025,8.67926, 0.111311
75.777,33.3893,8.69854, 0.112345
75.949,36.0224,8.7079, 0.121317
76.182,31.5688,8.72217, 0.105694
76.865,32.9208,8.76102, 0.109529
77.183,32.8835,8.77918, 0.108936
77.389,32.5336,8.79099, 0.107268
77.628,34.2297,8.80428, 0.112375
78.195,35.3849,8.83623, 0.115813
78.533,38.9689,8.85464, 0.128129
78.75,39.4655,8.86681, 0.129466
79.241,39.6649,8.89445, 0.129595
79.763,38.0948,8.92409, 0.123526
80.209,35.729,8.94953, 0.114673
80.447,35.2352,8.96296, 0.112175
80.791,35.157,8.98219, 0.110972
81.348,35.0649,9.01323, 0.109322
81.702,36.8592,9.03257, 0.114489
81.743,38.955,9.03447, 0.121003
81.909,37.7007,9.04392, 0.116246
82.006,39.704,9.04895, 0.122323
82.348,40.4949,9.06769, 0.124855
82.602,40.1116,9.08177, 0.123182
83,41.106,9.10354, 0.125174
83.33,42.5051,9.12141, 0.129593
83.404,39.0248,9.12609, 0.118259
83.722,40.9327,9.14315, 0.124449
83.945,41.74,9.15519, 0.12727
84.423,38.8601,9.18175, 0.118221
84.556,38.1129,9.18916, 0.11523
84.97,37.6571,9.21174, 0.113788
85.176,40.911,9.22245, 0.12236
85.349,40.5911,9.23183, 0.121994
85.725,40.4494,9.25227, 0.120189
86.235,39.9038,9.27993, 0.117608
86.45,38.4115,9.29177, 0.112717
86.894,37.7088,9.31581, 0.109539
87.455,36.844,9.3461, 0.105224
87.746,38.3936,9.3614, 0.109923
87.921,33.9408,9.37144, 0.0969491
88.556,32.1389,9.40561, 0.0900403
88.725,32.2295,9.41459, 0.0901769
88.939,34.0193,9.4257, 0.0947352
88.904,34.2507,9.4238, 0.0956465
89.584,34.0831,9.45988, 0.0943235
89.644,36.3573,9.46275, 0.100182
89.897,36.8904,9.47604, 0.101209
90.439,41.1303,9.50404, 0.111758
90.632,41.1666,9.5142, 0.111766
90.893,42.0635,9.5278, 0.113672
91.409,43.9097,9.55462, 0.117841
91.852,45.6081,9.57756, 0.121785
92.223,45.1093,9.59702, 0.119974
92.139,41.2837,9.59315, 0.109918
92.787,39.9436,9.62708, 0.105805
92.823,39.1778,9.62905, 0.104081
93.179,38.749,9.64758, 0.102732
93.56,43.0443,9.66675, 0.113351
93.817,39.5335,9.68053, 0.103855
94.464,41.3807,9.71369, 0.10787
95.027,43.4202,9.7424, 0.112295
95.461,42.8643,9.76474, 0.110434
95.773,44.6235,9.78051, 0.114295
96.253,45.297,9.80492, 0.116111
96.778,42.7928,9.83203, 0.108711
97.378,43.3232,9.86248, 0.109084
97.736,42.2723,9.88077, 0.106088
98.115,42.8638,9.89986, 0.107508
98.655,42.522,9.92715, 0.106225
98.883,43.8774,9.93847, 0.109479
98.922,41.7299,9.9407, 0.104103
98.798,39.2772,9.93479, 0.0976727
99.476,38.8494,9.96894, 0.0959377
99.856,41.7312,9.98763, 0.102977
100.066,46.5936,9.99757, 0.114353
100.468,53.885,10.0168, 0.131609
101.093,54.6143,10.0479, 0.132485
101.814,57.3054,10.0834, 0.138198
101.929,54.86,10.0895, 0.131626
101.896,57.3233,10.0875, 0.137447
102.211,56.4222,10.1033, 0.135036
102.826,60.1137,10.1333, 0.143343
103.048,59.9436,10.1442, 0.142896
103.721,60.0072,10.1774, 0.142501
103.721,61.5212,10.1772, 0.146054
104.241,59.3089,10.203, 0.139577
104.41,63.5099,10.2108, 0.149401
104.242,59.5615,10.203, 0.14012
104.755,61.423,10.228, 0.14401
104.94,62.7644,10.2368, 0.147166
105.136,63.2095,10.2464, 0.148304
105.331,60.7255,10.2562, 0.14238
105.733,60.7457,10.2758, 0.141933
105.758,61.4714,10.2769, 0.143838
105.688,58.7366,10.2738, 0.13769
105.813,60.0599,10.2797, 0.140185
105.721,58.7451,10.2754, 0.136871
105.991,65.2349,10.2878, 0.152092
106.143,64.5166,10.2953, 0.150078
106.584,63.4105,10.3168, 0.147001
106.717,61.405,10.3235, 0.142733
107.03,65.8371,10.3382, 0.153011
107.454,72.8739,10.3579, 0.169213
107.551,78.8636,10.3618, 0.183333
107.778,79.2947,10.3728, 0.184274
108.842,84.889,10.4234, 0.194633
108.851,85.5149,10.4238, 0.195831
109.124,86.7086,10.4368, 0.197879
109.388,90.8376,10.449, 0.206983
109.722,93.3487,10.4647, 0.212486
110.174,96.0699,10.486, 0.218252
110.686,98.1953,10.5102, 0.22207
110.575,94.7265,10.5053, 0.214466
110.701,98.8157,10.5108, 0.224038
110.646,96.7348,10.5084, 0.219433
111.048,96.8337,10.5275, 0.219444
111.565,100.068,10.5517, 0.226812
111.555,109.061,10.5502, 0.247743
111.828,118.458,10.5622, 0.268314
111.564,114.882,10.5501, 0.260378
111.527,117.249,10.5481, 0.264756
111.522,108.477,10.5488, 0.244632
112.268,105.424,10.5845, 0.23627
111.55,103.958,10.5506, 0.234087
111.755,106.335,10.5601, 0.238813
112.03,95.8171,10.5742, 0.215396
112.178,96.2124,10.5812, 0.21661
112.36,98.5305,10.5896, 0.220952
112.294,100.834,10.5862, 0.226772
113.163,102.61,10.627, 0.22897
113.555,102.209,10.6455, 0.227383
113.809,99.2765,10.6578, 0.22016
114.246,97.6597,10.6785, 0.215395
114.389,97.5858,10.6853, 0.214455
114.364,102.568,10.6836, 0.225802
114.503,98.784,10.6905, 0.216572
114.932,103.037,10.7102, 0.224135
115.875,98.8594,10.7546, 0.213271
116.179,100.021,10.7686, 0.215475
115.87,103.393,10.7539, 0.223423
116.202,99.7252,10.7697, 0.214988
116.625,102.968,10.7891, 0.221041
116.362,101.921,10.777, 0.218845
116.975,100.216,10.8056, 0.214416
117.563,100.56,10.8328, 0.214221
117.773,101.613,10.8424, 0.215762
117.64,92.8523,10.8371, 0.197439
118.272,86.356,10.8669, 0.183628
118.444,82.8929,10.8751, 0.176078
118.373,84.064,10.8717, 0.178256
119.057,86.7457,10.9029, 0.1827
119.494,89.0379,10.9228, 0.186631
119.997,92.875,10.9455, 0.193957
120.361,89.9308,10.9624, 0.18749
120.819,86.8404,10.9836, 0.180543
121.331,95.5575,11.0061, 0.196883
121.782,99.1765,11.0262, 0.204105
121.695,103.272,11.0219, 0.212514
122.05,102.552,11.0381, 0.210673
122.32,111.914,11.0494, 0.229995
122.213,112.07,11.0446, 0.230394
123.242,110.175,11.0913, 0.224888
123.585,110.489,11.1067, 0.225741
123.872,97.1476,11.1209, 0.198326
124.305,97.322,11.1403, 0.197661
124.372,99.1696,11.1432, 0.201086
124.142,95.6519,11.1332, 0.194338
124.402,95.4484,11.1449, 0.192161
124.991,96.5149,11.1713, 0.192977
125.28,95.6876,11.1843, 0.190562
125.872,97.6516,11.2107, 0.193017
126.772,98.1999,11.2508, 0.191981
127.021,98.1945,11.2619, 0.190742
127.204,95.3703,11.2703, 0.184299
127.582,98.2068,11.2869, 0.188742
127.676,85.483,11.2921, 0.164633
128.311,95.6783,11.3194, 0.182475
128.701,92.0776,11.3369, 0.176384
128.929,88.9719,11.3472, 0.169778
129.197,96.6442,11.3584, 0.183994
129.467,97.2488,11.3702, 0.184862
129.617,95.9185,11.3769, 0.182389
130.093,99.6324,11.3976, 0.188754
130.126,101.514,11.3988, 0.192414
130.741,105.546,11.4255, 0.199535
130.732,101.53,11.4254, 0.19173
130.846,111.66,11.4296, 0.211331
131.442,111.479,11.4557, 0.210113
131.784,110.583,11.4707, 0.207432
132.086,112.833,11.4837, 0.21061
132.978,111.274,11.5226, 0.206921
133.349,101.605,11.5396, 0.187885
133.523,100.583,11.5472, 0.185407
133.974,98.1312,11.5669, 0.180472
134.227,93.6275,11.5782, 0.172328
134.604,104.703,11.5936, 0.191982
134.884,99.6846,11.6061, 0.182342
134.767,98.2447,11.6011, 0.180692
134.796,86.7084,11.6033, 0.159021
134.791,84.0133,11.6033, 0.153927
134.815,83.0708,11.6044, 0.1518
135.396,93.8312,11.6286, 0.170997
135.49,93.2859,11.6327, 0.169652
134.99,89.7739,11.6115, 0.163851
135.108,89.2864,11.6166, 0.16313
135.296,88.9444,11.6247, 0.161853
135.259,86.728,11.6233, 0.157896
134.831,86.8425,11.6048, 0.158501
134.505,80.2759,11.5913, 0.146977
134.682,80.631,11.5989, 0.147177
134.857,84.9905,11.6061, 0.154803
135.186,79.2294,11.6207, 0.144429
135.713,85.9126,11.6429, 0.156271
135.834,83.1066,11.6483, 0.15155
136.125,82.9474,11.6608, 0.151039
136.367,84.3602,11.6711, 0.153674
136.291,79.1646,11.6682, 0.144255
136.859,75.8771,11.6928, 0.137872
137.156,76.1655,11.7055, 0.138137
137.812,68.7287,11.734, 0.124274
138.175,67.6644,11.7496, 0.122015
138.127,61.4067,11.748, 0.111038
138.573,63.3427,11.7669, 0.114019
138.404,63.2647,11.7597, 0.114102
138.695,63.5121,11.772, 0.114446
138.793,65.7902,11.776, 0.118494
138.675,66.2692,11.771, 0.119279
138.409,64.3837,11.7598, 0.115708
138.526,65.0114,11.7647, 0.11688
138.415,68.1568,11.7598, 0.122515
138.369,70.5788,11.7576, 0.127094
138.44,72.6404,11.7605, 0.130861
138.851,73.8009,11.7779, 0.13256
139.093,79.0244,11.7878, 0.14113
138.995,77.101,11.7838, 0.137447
138.68,77.5016,11.7704, 0.138212
138.645,81.9709,11.7686, 0.145932
139.097,84.4035,11.7876, 0.14978
139.427,82.5487,11.8017, 0.14646
139.937,79.597,11.8236, 0.140747
140.321,80.7739,11.8397, 0.142528
140.559,84.8505,11.8495, 0.149115
140.661,82.7922,11.8539, 0.145407
140.689,82.2303,11.8552, 0.144174
140.955,83.4889,11.8663, 0.146235
140.637,81.2191,11.853, 0.142581
140.773,76.7896,11.8591, 0.134727
140.762,75.3975,11.8588, 0.131976
140.879,70.4604,11.864, 0.123389
140.91,67.4719,11.8656, 0.11816
140.642,69.7798,11.8541, 0.122294
140.673,65.9001,11.8557, 0.115378
140.859,63.2912,11.8638, 0.11088
140.919,62.4984,11.8663, 0.109461
141.034,59.6529,11.8714, 0.104433
141.65,59.5276,11.8973, 0.103771
142.071,62.222,11.9148, 0.108321
142.599,57.9922,11.9373, 0.100335
142.317,55.5346,11.9256, 0.0963451
142.28,54.3256,11.9242, 0.094228
142.367,53.8923,11.9279, 0.0934445
142.221,51.4441,11.9219, 0.0895101
141.836,49.2492,11.9059, 0.0860074
141.901,47.9333,11.9087, 0.083754
141.973,49.1323,11.9116, 0.0858913
142.265,50.3828,11.9238, 0.0878336
141.961,50.2274,11.9111, 0.0876637
142.185,48.2548,11.9206, 0.0841788
142.086,46.6247,11.9166, 0.0812676
142.392,47.6243,11.9294, 0.0827983
142.646,50.3108,11.9398, 0.0873929
142.641,48.3581,11.9397, 0.0839254
143.041,47.2451,11.9566, 0.0817462
143.441,48.4486,11.9732, 0.0836294
143.698,47.9887,11.984, 0.0827703
144.144,50.0453,12.0024, 0.086013
144.414,50.3328,12.0136, 0.0866197
144.789,48.4104,12.0294, 0.0830944
145.043,48.5891,12.0399, 0.0834665
145.565,54.3378,12.0612, 0.0930946
145.441,54.5206,12.056, 0.0934739
145.786,53.0982,12.0704, 0.0908809
145.95,52.7654,12.0772, 0.0903502
146.615,52.0567,12.1048, 0.0888113
146.772,50.126,12.1114, 0.0854712
146.779,49.5942,12.1117, 0.0844474
147.478,52.4375,12.1404, 0.0889478
147.605,54.3449,12.1455, 0.091964
147.513,52.1938,12.1418, 0.0884567
147.761,51.5299,12.1521, 0.087295
148.234,52.2552,12.1715, 0.0882801
148.016,52.0977,12.1626, 0.0881845
148.092,54.4795,12.1655, 0.0924305
148.187,51.1119,12.1697, 0.0864815
148.575,49.2283,12.1857, 0.083011
148.774,53.6189,12.1936, 0.0899915
149.159,53.0557,12.2094, 0.0889047
149.308,53.0811,12.2155, 0.0885169
148.998,46.04,12.2033, 0.0772823
148.958,43.4202,12.2018, 0.0729622
148.942,43.8306,12.2011, 0.0737232
149.014,42.4918,12.2042, 0.0714076
149.356,40.3553,12.2184, 0.0677611
149.412,38.9543,12.2207, 0.0654624
149.212,40.9151,12.2124, 0.068887
149.19,43.8779,12.2113, 0.0740366
149.646,45.3028,12.2299, 0.0764239
149.848,44.8149,12.2381, 0.0754886
149.657,45.2074,12.2303, 0.0762532
149.796,49.0824,12.2357, 0.0825744
150.024,47.9614,12.2451, 0.0806928
150.156,44.2595,12.2508, 0.0742647
150.264,44.5743,12.2552, 0.0745442
150.218,43.9225,12.2533, 0.0732157
150.457,45.14,12.263, 0.0749812
150.557,45.4467,12.2671, 0.075497
150.777,45.8572,12.276, 0.07603
151.06,42.4464,12.2878, 0.0702639
151.149,42.9608,12.2914, 0.0711013
151.181,40.7021,12.2928, 0.0671516
151.016,40.2517,12.2861, 0.0664048
151.16,41.7024,12.2919, 0.0688028
151.099,43.0653,12.2893, 0.0711683
151.298,39.7532,12.2977, 0.0654108
151.631,38.7649,12.3112, 0.063802
151.318,36.0329,12.2987, 0.0593652
151.693,37.1889,12.3139, 0.0609733
151.901,37.4593,12.3223, 0.0613092
152.323,36.6246,12.3395, 0.0600984
152.479,35.0153,12.3459, 0.0574855
152.402,36.1663,12.3427, 0.0595191
152.616,35.0165,12.3514, 0.0574748
152.744,36.3725,12.3566, 0.0595508
152.848,37.6329,12.3607, 0.061352
153.06,35.7684,12.3694, 0.0582713
153.139,37.6177,12.3725, 0.0612643
153.322,40.8103,12.3796, 0.0664089
153.345,38.592,12.3807, 0.0627798
153.6,42.0901,12.3908, 0.0682014
153.819,40.7761,12.3997, 0.0661511
154.018,42.2477,12.4076, 0.0683194
154.305,43.3621,12.4191, 0.0699545
154.316,45.2782,12.4195, 0.0729873
154.344,44.9777,12.4206, 0.0724884
154.459,44.8885,12.4252, 0.0723019
154.619,43.4778,12.4318, 0.0699242
154.912,41.4343,12.4437, 0.0665285
154.656,41.8257,12.4334, 0.067245
154.584,43.3668,12.4304, 0.0696307
154.725,42.4054,12.4361, 0.0681095
154.978,41.1635,12.4464, 0.0658795
155.563,44.014,12.4697, 0.0701667
155.568,47.4713,12.4697, 0.0754265
155.826,49.9956,12.4798, 0.0793042
155.847,50.3616,12.4807, 0.07982
155.885,48.8518,12.4823, 0.0772984
155.951,46.2126,12.4851, 0.0730959
156.212,50.237,12.4953, 0.0793063
156.466,51.0168,12.5054, 0.0805455
156.908,50.2096,12.5231, 0.079052
157.154,52.5923,12.5328, 0.0826247
156.804,48.1516,12.5191, 0.0758536
156.911,46.903,12.5235, 0.0740758
157.006,48.546,12.5272, 0.076543
157.038,50.8526,12.5283, 0.0802317
157.555,49.367,12.549, 0.0777238
157.387,44.9652,12.5426, 0.0708287
157.138,42.7551,12.5328, 0.0674831
157.345,45.156,12.5409, 0.0710845
157.474,47.4154,12.5459, 0.0745042
157.039,46.0974,12.5286, 0.0725463
157.169,44.6464,12.5339, 0.0702684
157.041,43.183,12.5289, 0.0679596
157.329,42.4708,12.5404, 0.0667869
157.854,41.9445,12.5614, 0.0658599
157.782,42.6924,12.5585, 0.066966
157.972,39.5813,12.5662, 0.0620636
158.038,40.5426,12.5688, 0.0635293
158.176,38.483,12.5744, 0.0601878
158.174,36.2977,12.5745, 0.0568812
158.123,36.0919,12.5724, 0.0566503
158.133,38.2352,12.5727, 0.0600542
158.514,37.2499,12.5879, 0.0583198
158.867,35.7733,12.602, 0.0558181
158.763,35.7269,12.5979, 0.0558771
158.682,37.4689,12.5946, 0.0586575
158.61,37.5419,12.5917, 0.0589629
158.879,35.8383,12.6025, 0.056114
158.859,37.4672,12.6016, 0.0587636
158.949,38.1424,12.6051, 0.0597581
158.779,38.6582,12.5984, 0.0606464
158.689,36.2843,12.5949, 0.0569947
158.858,34.5558,12.6017, 0.0540872
158.977,33.1585,12.6066, 0.0519909
159.154,31.8583,12.6137, 0.0500332
159.29,30.9719,12.6191, 0.0486131
159.313,31.2431,12.62, 0.0490546
159.525,29.1334,12.6285, 0.0457656
159.683,29.0105,12.6348, 0.0455457
159.577,30.4721,12.6305, 0.0479117
159.464,30.8767,12.626, 0.048583
159.602,32.3936,12.6314, 0.0508505
160.143,29.7646,12.6529, 0.0465599
160.095,29.8299,12.651, 0.0467211
160.451,27.5536,12.6652, 0.0430769
160.531,26.679,12.6685, 0.0416504
160.819,26.7622,12.6798, 0.0417868
160.865,29.1528,12.6815, 0.0453601
160.654,29.2103,12.6732, 0.0454308
160.76,30.0744,12.6773, 0.0467129
160.684,29.7841,12.6743, 0.0462906
161.003,30.711,12.6868, 0.0476044
161.144,30.5113,12.6924, 0.0472613
161.135,30.8268,12.692, 0.0477229
161.225,29.7724,12.6957, 0.0459741
161.573,31.3247,12.7093, 0.0482582
161.788,31.783,12.7177, 0.0489092
161.992,31.9639,12.7257, 0.0491481
162.286,31.8902,12.7373, 0.0489727
162.401,32.9462,12.7417, 0.0506023
162.469,37.975,12.7441, 0.0582493
162.589,34.1801,12.749, 0.052341
162.597,33.4665,12.7494, 0.0512661
162.85,33.2735,12.7593, 0.0509103
163.019,36.5806,12.7657, 0.0559224
163.2,36.8199,12.7728, 0.0562229
163.668,37.8976,12.791, 0.0577692
163.509,37.7159,12.7848, 0.0575844
163.875,40.0154,12.799, 0.0610552
164.229,41.8664,12.8127, 0.0638202
164.438,43.5601,12.8208, 0.0662451
164.485,44.3378,12.8225, 0.0674231
164.636,45.6675,12.8284, 0.0693539
164.953,48.1109,12.8406, 0.0729733
165.182,44.1468,12.8497, 0.066963
165.186,44.5694,12.8499, 0.0675029
165.135,46.1388,12.8478, 0.0699098
165.09,46.5499,12.846, 0.0707092
165.273,42.5725,12.8534, 0.0645503
165.645,44.611,12.8677, 0.0674641
166.005,51.097,12.8813, 0.0772349
166.108,51.3704,12.8853, 0.0777027
166.154,50.3023,12.8871, 0.0760895
166.617,51.7743,12.905, 0.0782432
166.35,52.9156,12.8946, 0.0800831
166.927,53.3175,12.9169, 0.0805797
167.201,55.6967,12.9274, 0.084081
166.97,58.7711,12.9183, 0.088651
167.157,60.0023,12.9254, 0.0904046
167.706,54.9096,12.947, 0.082307
167.984,55.5137,12.9577, 0.0831722
168.365,54.8598,12.9724, 0.0818568
168.461,55.7883,12.9761, 0.0833847
168.678,46.4782,12.985, 0.0693008
168.936,45.1099,12.995, 0.0671576
169.002,42.584,12.9977, 0.0635622
168.912,45.3782,12.994, 0.0678556
169.153,44.4557,13.0034, 0.0662672
169.289,49.3034,13.0083, 0.073667
169.196,52.7275,13.0045, 0.0788036
169.359,51.3162,13.0108, 0.0767802
169.469,50.6791,13.0151, 0.0755064
169.605,49.1069,13.0205, 0.073127
169.468,49.949,13.0151, 0.0745439
169.796,50.3144,13.0277, 0.074737
169.921,50.5387,13.0325, 0.074886
170.143,53.6946,13.0408, 0.0796236
170.257,52.7549,13.0453, 0.0782409
170.307,52.7749,13.0472, 0.0783752
170.394,49.8647,13.0507, 0.0740972
170.594,50.9991,13.0583, 0.0758446
171.028,53.5454,13.0747, 0.0796528
171.151,60.0522,13.0791, 0.0894847
171.904,56.5248,13.108, 0.084163
172.086,53.0508,13.1152, 0.0786832
172.088,54.0382,13.1152, 0.0801931
172.18,53.5136,13.1187, 0.0796193
172.168,55.2134,13.1182, 0.0819257
172.091,58.8967,13.115, 0.0875137
171.893,61.5855,13.1073, 0.0916725
171.843,64.2104,13.1053, 0.0955417
171.684,66.6521,13.099, 0.0993142
172.391,62.6342,13.1262, 0.092815
172.635,64.6977,13.1354, 0.0959467
172.577,64.3521,13.1332, 0.0952855
172.372,69.4796,13.1251, 0.102862
173.03,67.6951,13.1503, 0.0995735
173.199,63.8133,13.157, 0.0938089
173.639,65.8427,13.1736, 0.0963808
173.839,70.287,13.1809, 0.102963
173.643,66.2196,13.1737, 0.0970498
174.159,64.9477,13.1933, 0.0947772
174.406,62.7251,13.2028, 0.0910338
174.665,64.0567,13.2126, 0.0926812
174.853,66.5334,13.2196, 0.0961513
175.011,63.3068,13.2257, 0.0913596
174.901,67.6533,13.2213, 0.0979376
175.055,67.124,13.2272, 0.0969784
175.202,71.0152,13.2325, 0.102543
174.873,67.3107,13.2203, 0.097241
175.16,68.8024,13.2311, 0.0988463
175.494,68.5719,13.2437, 0.0980587
175.276,73.6919,13.2352, 0.105586
175.073,69.9816,13.2277, 0.100521
174.902,75.0724,13.221, 0.108128
174.868,71.6946,13.2199, 0.103123
174.695,68.7401,13.2135, 0.0988633
174.96,67.2465,13.2236, 0.0964124
174.85,63.7876,13.2196, 0.0915466
174.539,67.5342,13.2076, 0.097587
174.478,70.2195,13.2052, 0.101828
175.254,67.0455,13.2347, 0.0971273
175.407,70.1373,13.2403, 0.101309
175.661,67.7401,13.25, 0.097811
175.645,68.5851,13.2494, 0.0987224
175.345,64.598,13.2383, 0.093089
175.646,64.3528,13.2497, 0.0928323
175.617,62.7623,13.2486, 0.0903591
175.388,69.3094,13.2396, 0.100049
175.554,62.2491,13.2463, 0.0898
175.587,59.5484,13.2477, 0.0857787
175.84,55.0744,13.2575, 0.0790723
176.343,53.4894,13.2765, 0.0766514
176.522,49.0395,13.2835, 0.0700376
176.462,45.9786,13.2814, 0.0654921
176.458,45.5902,13.2813, 0.0649261
176.698,46.1147,13.2903, 0.0656209
176.516,45.5598,13.2835, 0.0648045
176.609,45.0262,13.287, 0.0639864
176.431,44.2753,13.2804, 0.0629814
176.434,39.9737,13.2807, 0.0568316
176.495,37.716,13.2831, 0.053585
176.705,37.8139,13.291, 0.0535526
176.999,38.891,13.302, 0.0550304
177.031,38.3539,13.3032, 0.0543251
177.075,38.4313,13.3049, 0.0543784
177.134,36.848,13.3072, 0.0521978
177.202,36.3932,13.3098, 0.0514983
177.111,36.1987,13.3064, 0.0512703
177.288,33.735,13.3132, 0.047713
177.596,33.9908,13.3247, 0.0480129
177.526,34.7414,13.322, 0.0491304
177.828,35.5285,13.3333, 0.0502448
177.467,38.9809,13.3196, 0.0552837
177.55,40.6674,13.3226, 0.0577439
177.738,41.2154,13.3296, 0.058425
177.781,39.2031,13.3314, 0.0556241
177.915,43.6958,13.3361, 0.0620896
178.006,44.084,13.3395, 0.0625016
178.298,40.1892,13.3507, 0.0567916
178.757,43.518,13.3677, 0.0613974
178.917,46.9081,13.3735, 0.0659609
178.729,45.9897,13.3665, 0.0648178
178.738,50.6114,13.3666, 0.0713236
178.583,52.4612,13.3607, 0.0742918
178.074,58.0865,13.3414, 0.0824944
177.604,63.1352,13.3234, 0.0899703
177.553,64.8472,13.3214, 0.0923502
177.449,64.2215,13.3176, 0.0915663
177.754,63.5153,13.3291, 0.0905061
177.58,67.1755,13.3223, 0.0956409
178.218,66.0785,13.3463, 0.0937391
178.111,68.1907,13.3422, 0.0966895
178.212,68.2471,13.346, 0.0966397
178.567,63.7155,13.3595, 0.0902862
178.344,61.6197,13.3513, 0.0875131
178.416,56.1686,13.3543, 0.0797552
178.933,56.2845,13.3736, 0.0797004
178.984,60.3917,13.3753, 0.0853909
178.826,56.9278,13.3696, 0.0803321
178.589,59.1241,13.3606, 0.0835949
178.42,58.6496,13.3543, 0.0829997
178.656,59.1537,13.3631, 0.08367
178.607,58.0526,13.3613, 0.0822108
178.693,57.1408,13.3646, 0.0808992
179.078,55.6438,13.3791, 0.0786303
178.964,57.9366,13.3747, 0.0819725
179.179,55.8509,13.3828, 0.0790808
179.125,58.3294,13.3807, 0.0826599
179.105,60.3341,13.3798, 0.0854375
179.062,54.1601,13.3785, 0.0766634
179.46,52.3384,13.3935, 0.0739051
180.012,51.8959,13.4141, 0.0730092
180.045,56.9309,13.4151, 0.0801887
180.618,57.46,13.4364, 0.0807982
180.453,55.3679,13.4304, 0.0778774
180.265,54.8289,13.4234, 0.0770858
180.877,56.3201,13.4461, 0.079224
180.676,54.685,13.4387, 0.0767819
180.789,52.1884,13.443, 0.0731179
180.687,53.7391,13.4392, 0.0754282
180.746,58.7216,13.4411, 0.0822899
180.659,58.8787,13.4379, 0.0824191
180.514,62.9638,13.4322, 0.0882624
180.589,63.5721,13.435, 0.0892501
180.454,64.958,13.4299, 0.0911229
181.211,60.8823,13.4583, 0.085016
181.22,63.7736,13.4585, 0.0891463
181.648,57.9541,13.4747, 0.0806686
181.598,61.3144,13.4726, 0.0853854
181.116,65.7626,13.4545, 0.0919753
181.277,69.0102,13.4603, 0.0965322
181.276,68.0839,13.4603, 0.0951864
181.136,71.5595,13.455, 0.100041
181.376,68.7707,13.464, 0.0959357
181.502,66.2039,13.4689, 0.0921862
181.124,66.5846,13.4548, 0.0930084
181.269,70.8967,13.4599, 0.0989897
181.077,69.8411,13.4529, 0.0975846
181.313,71.7891,13.4615, 0.100088
181.291,73.6467,13.4606, 0.102728
181.665,68.7088,13.4748, 0.0954533
181.708,63.8187,13.4766, 0.0884451
181.838,65.8698,13.4814, 0.0910695
181.674,69.7637,13.4751, 0.0964128
181.729,69.8137,13.4771, 0.0964721
182.086,68.9308,13.4904, 0.0952648
181.962,67.6726,13.4859, 0.0935436
181.921,65.7587,13.4844, 0.0909681
181.773,68.4435,13.4788, 0.0947981
181.962,70.7825,13.4857, 0.0978958
182.077,63.8891,13.4903, 0.0883382
181.65,66.7375,13.4743, 0.0923602
181.793,63.7302,13.4798, 0.0881148
181.674,63.0477,13.4754, 0.0872557
181.388,60.0855,13.4649, 0.0832105
181.621,63.0213,13.4734, 0.0871112
182.092,61.0255,13.491, 0.0842421
181.884,60.6645,13.4833, 0.0839584
182.084,60.5294,13.4907, 0.0838605
182.156,62.6815,13.4933, 0.086936
182.232,61.4402,13.4962, 0.0852738
182.312,58.9446,13.4993, 0.0818284
182.112,63.5994,13.4916, 0.0883247
181.779,66.8822,13.4791, 0.0929206
182.271,68.0638,13.4973, 0.0944951
182.149,70.1928,13.4927, 0.097306
182.535,65.3628,13.5072, 0.0902212
182.976,63.4774,13.5236, 0.0873037
183.097,58.0855,13.5284, 0.0796702
183.389,60.6577,13.5391, 0.0829386
183.875,58.8934,13.5571, 0.0804299
183.953,54.1789,13.5602, 0.07391
183.861,57.7817,13.5566, 0.0789192
183.777,61.7472,13.5533, 0.0844695
183.808,63.3472,13.5544, 0.0866506
183.451,60.8396,13.5413, 0.0834125
183.502,57.25,13.5434, 0.0781799
183.301,55.0465,13.5361, 0.0751525
183.172,53.6264,13.5314, 0.0733894
183.349,54.5251,13.5379, 0.0746289
183.607,57.1126,13.5473, 0.078239
183.834,56.2343,13.5557, 0.0768958
184.078,56.2639,13.5647, 0.0769856
184.051,56.5184,13.5637, 0.077186
183.979,61.8025,13.5608, 0.0843613
184.183,63.8034,13.5682, 0.0869429
184.237,64.7169,13.5702, 0.0882288
184.177,63.2798,13.568, 0.0864211
184.032,61.5669,13.5627, 0.0841348
184.21,61.9999,13.5693, 0.0848208
184.239,59.9539,13.5704, 0.081964
184.151,62.5222,13.5671, 0.0856276
184.291,62.6488,13.5722, 0.0856248
183.986,63.9778,13.5609, 0.0876156
184.231,64.4556,13.5699, 0.0879146
184.312,65.2226,13.5729, 0.0887191
184.722,69.2446,13.5878, 0.0936522
184.742,76.3435,13.5882, 0.102944
185.1,70.292,13.6017, 0.094869
185.093,67.3884,13.6016, 0.0907845
184.998,70.042,13.5979, 0.094098
185.013,73.0588,13.5983, 0.0982974
185.518,74.4177,13.6168, 0.0996705
185.103,76.2604,13.6015, 0.102476
185.124,79.1885,13.6021, 0.106532
185.156,82.2735,13.6032, 0.110603
185.398,75.8916,13.6124, 0.101869
185.31,77.1439,13.609, 0.103621
185.077,76.021,13.6005, 0.102142
185.17,74.053,13.6041, 0.0996091
185.331,72.7054,13.61, 0.0976573
185.261,70.0689,13.6076, 0.0938376
185.268,71.7282,13.6078, 0.0957596
185.234,75.3993,13.6064, 0.100776
185.274,74.3449,13.6079, 0.0995781
185.766,74.2952,13.626, 0.0993667
186.057,80.7278,13.6363, 0.107787
186.494,83.3679,13.6522, 0.111316
186.601,82.4839,13.6562, 0.110324
186.341,82.2167,13.6467, 0.110224
186.424,79.8941,13.6498, 0.107249
186.672,81.4505,13.6588, 0.109346
186.826,81.5618,13.6644, 0.109353
187.049,81.8985,13.6726, 0.109572
187.154,82.5963,13.6764, 0.110522
187.037,81.9555,13.6721, 0.109596
187.547,76.7417,13.6911, 0.102475
187.979,82.9866,13.7065, 0.11076
188.064,88.834,13.7093, 0.11855
188.247,87.4241,13.7161, 0.116623
188.331,85.2635,13.7192, 0.113562
188.7,80.998,13.7329, 0.107911
188.934,88.9977,13.741, 0.118331
188.997,90.3129,13.7433, 0.119783
189.304,86.7336,13.7546, 0.114914
189.637,87.143,13.7667, 0.115353
189.16,91.0425,13.7492, 0.121023
189.958,90.6262,13.7782, 0.120039
190.178,86.9404,13.7863, 0.115119
190.64,87.2123,13.8031, 0.115161
190.553,84.4291,13.8001, 0.111368
190.724,82.8659,13.8063, 0.109403
190.761,85.0918,13.8076, 0.112363
190.78,86.2815,13.8082, 0.113805
191.062,77.69,13.8188, 0.102127
191.123,78.222,13.821, 0.102837
191.78,81.2316,13.8446, 0.106491
191.868,77.6185,13.848, 0.101593
192.081,80.3084,13.8556, 0.105239
191.843,81.1743,13.8469, 0.106342
191.927,84.6495,13.8498, 0.110962
192.021,82.8285,13.8533, 0.108437
192.346,79.4662,13.8652, 0.103711
192.377,78.9529,13.8663, 0.102817
191.895,74.5221,13.8491, 0.0972499
191.71,75.7999,13.8424, 0.0988414
191.525,74.0794,13.8358, 0.0965951
190.985,76.4668,13.8161, 0.0999384
191.252,73.9943,13.8259, 0.0966072
191.302,76.5007,13.8276, 0.0998487
191.64,76.2584,13.8398, 0.0994312
192.199,78.3154,13.8599, 0.101726
192.445,85.7131,13.8685, 0.111321
192.574,86.0145,13.8731, 0.111674
192.606,84.4167,13.8743, 0.109489
193.106,90.4008,13.8921, 0.116855
192.912,85.0063,13.8853, 0.110167
193.424,79.3363,13.904, 0.102599
193.577,81.1781,13.9094, 0.104906
193.533,80.5809,13.9079, 0.104215
193.788,82.965,13.9169, 0.107241
193.874,89.9881,13.9197, 0.116479
193.84,89.5284,13.9185, 0.115882
193.252,87.6464,13.8974, 0.113618
193.535,89.4568,13.9075, 0.115896
193.591,88.9917,13.9096, 0.115456
193.837,86.1684,13.9185, 0.111702
194.161,90.2031,13.93, 0.116928
193.931,91.2385,13.9217, 0.118143
193.687,84.4671,13.9133, 0.109419
193.553,80.4092,13.9086, 0.104527
193.331,80.2394,13.9006, 0.104462
193.378,83.5572,13.9021, 0.108889
193.545,80.566,13.9083, 0.105014
193.215,84.9749,13.8962, 0.110882
193.059,81.2955,13.8908, 0.106167
193.364,80.7915,13.9018, 0.105303
192.96,80.3564,13.8873, 0.104857
192.903,82.2175,13.8851, 0.107338
192.53,81.5831,13.8717, 0.106753
192.993,76.2449,13.8886, 0.0997687
192.745,77.1539,13.8797, 0.101117
192.838,76.1316,13.8831, 0.0994145
192.891,77.601,13.8849, 0.101318
193.475,74.3813,13.9061, 0.0967636
193.335,75.4528,13.901, 0.098505
193.406,76.7511,13.9035, 0.0999924
192.89,77.6019,13.8849, 0.101528
193.066,72.4397,13.8914, 0.0947268
192.808,69.4251,13.8823, 0.0907876
192.758,77.6354,13.8801, 0.101573
192.848,78.9289,13.8833, 0.103282
193.287,76.0786,13.8992, 0.0993176
193.586,77.6808,13.9099, 0.101342
193.195,79.0889,13.8958, 0.103279
193.132,81.9865,13.8934, 0.10708
193.792,74.9509,13.9174, 0.0976375
193.789,75.3967,13.9173, 0.0984183
194.264,68.9962,13.9347, 0.0898455
194.324,69.9471,13.9368, 0.0910293
194.161,70.379,13.9309, 0.0916248
194.388,72.1896,13.939, 0.0937742
194.068,73.0073,13.9275, 0.0948566
193.552,74.8655,13.9088, 0.0971975
193.909,74.4727,13.9217, 0.0965392
194.034,77.3669,13.926, 0.100257
193.936,75.004,13.9226, 0.0973769
193.786,74.3602,13.9173, 0.0967238
194.099,69.7493,13.9287, 0.0905558
194.079,66.9586,13.9281, 0.0868115
193.858,68.1138,13.9201, 0.0882066
194.167,65.8172,13.9314, 0.0852215
194.132,64.6186,13.9301, 0.0835223
193.595,67.251,13.9107, 0.0872799
193.596,65.6087,13.9108, 0.085216
193.884,60.9145,13.9214, 0.0790776
194.143,61.0725,13.9307, 0.0793219
194.377,59.6647,13.9392, 0.0772454
194.421,62.5037,13.9406, 0.0807474
194.448,63.6675,13.9415, 0.0820634
194.78,64.7616,13.9534, 0.083229
195.057,68.2398,13.9632, 0.0874044
194.9,70.878,13.9574, 0.0907301
194.674,70.5298,13.9493, 0.0904142
195.247,68.676,13.97, 0.0878134
195.361,67.4968,13.9741, 0.0862846
195.689,68.3023,13.9858, 0.0871202
196.124,71.0746,14.0012, 0.0903615
196.239,70.9739,14.0053, 0.0903466
196.062,75.2841,13.9988, 0.0957085
195.943,73.1198,13.9947, 0.0929315
196.153,70.6117,14.0023, 0.0896137
195.99,75.9399,13.9962, 0.0966032
196.22,77.2156,14.0044, 0.0981837
196.505,74.6059,14.0147, 0.0947908
196.377,69.5229,14.0103, 0.0883429
196.36,67.9623,14.0098, 0.0863266
195.826,63.2097,13.9909, 0.0805661
195.984,65.2057,13.9965, 0.0830744
196.222,67.0648,14.0049, 0.0854756
195.977,63.1785,13.9963, 0.0805927
195.568,69.6413,13.9814, 0.0889344
195.387,70.6072,13.9749, 0.0901042
195.428,71.9007,13.9763, 0.091678
195.424,70.9863,13.9762, 0.0905151
195.827,70.749,13.9906, 0.0901635
195.776,71.6878,13.9888, 0.0915334
196.039,75.0232,13.998, 0.0958149
195.849,78.5242,13.991, 0.100417
195.852,78.6381,13.9911, 0.100504
195.862,77.805,13.9915, 0.0993599
196.251,78.7921,14.0054, 0.100534
196.161,76.895,14.0023, 0.0981035
196.022,76.7736,13.9973, 0.0980816
196.05,79.9235,13.9982, 0.102104
196.135,78.9748,14.0013, 0.100909
196.216,79.3094,14.0041, 0.101418
196.07,75.7971,13.9991, 0.0968166
196.442,76.9186,14.0123, 0.0980864
196.451,75.9076,14.0127, 0.0968286
196.103,78.8884,14.0001, 0.100831
196.125,78.6894,14.0009, 0.100464
195.697,78.2192,13.9856, 0.0999843
196.084,78.9811,13.9994, 0.100804
196.062,81.604,13.9985, 0.104154
196.285,77.9258,14.0067, 0.0995254
196.243,73.5119,14.0054, 0.0937689
196.085,75.2817,13.9996, 0.0959451
196.011,74.5848,13.997, 0.0949817
195.64,72.8444,13.9838, 0.0928243
195.447,70.6432,13.977, 0.0900376
195.34,70.5544,13.9732, 0.08977
195.461,70.9822,13.9775, 0.0904065
195.492,74.726,13.9785, 0.0952539
195.212,70.6571,13.9686, 0.090216
194.894,72.3868,13.9572, 0.0924329
195.037,78.5657,13.962, 0.100243
195.374,78.3982,13.9741, 0.099925
195.612,79.3656,13.9826, 0.101067
195.564,78.734,13.9808, 0.100335
195.271,77.6078,13.9704, 0.0991044
194.694,80.7764,13.9496, 0.103526
194.396,79.1812,13.939, 0.101594
194.316,77.034,13.9362, 0.099046
194.537,77.2706,13.9441, 0.0991867
194.394,77.1948,13.939, 0.0991165
194.119,80.8708,13.929, 0.103961
194.613,76.9612,13.9469, 0.0989278
194.786,77.2062,13.953, 0.0991939
194.956,74.54,13.9593, 0.0956263
195.158,74.2451,13.9665, 0.0951789
195.354,76.1449,13.9734, 0.0974628
195.183,69.7415,13.9676, 0.0894406
194.918,68.6658,13.9582, 0.088042
194.967,68.0059,13.96, 0.0871012
195.251,72.56,13.9699, 0.0928922
195.121,77.4864,13.965, 0.0991647
194.723,74.4582,13.9509, 0.0954412
194.084,75.0792,13.928, 0.0965974
193.814,76.2653,13.9182, 0.0982463
193.793,78.5702,13.9173, 0.101045
193.776,76.1918,13.9169, 0.09792
194.27,76.4591,13.9346, 0.0982898
194.088,71.4382,13.9283, 0.0920946
193.951,68.1646,13.9235, 0.0878555
193.873,70.1547,13.9206, 0.0905291
194.023,68.9484,13.926, 0.0890684
194.102,67.0156,13.929, 0.0866332
194.348,65.4249,13.9379, 0.0845176
194.557,66.3847,13.9453, 0.0855591
194.884,65.7645,13.9571, 0.0847086
194.925,68.4734,13.9584, 0.0882643
194.517,71.6198,13.9437, 0.092477
194.658,73.4571,13.9486, 0.0947761
195.18,72.0997,13.9674, 0.0928843
195.35,79.1255,13.9732, 0.101606
194.721,78.8271,13.9506, 0.101605
194.942,80.4846,13.9585, 0.103627
194.327,84.7881,13.9362, 0.109434
194.627,92.678,13.9466, 0.11933
194.927,87.4394,13.9576, 0.112572
194.832,87.36,13.9542, 0.112801
194.561,88.4383,13.9444, 0.114324
194.438,91.2341,13.9399, 0.117905
194.275,95.6093,13.9339, 0.123306
194.079,96.3346,13.9268, 0.124498
194.112,89.7895,13.9283, 0.115967
194.503,86.8239,13.9424, 0.112163
194.435,88.8439,13.9399, 0.114443
194.252,89.5645,13.9333, 0.115674
193.812,87.4527,13.9176, 0.113047
193.518,88.9237,13.907, 0.115135
193.969,87.826,13.9232, 0.113366
193.79,84.3419,13.917, 0.109246
193.835,78.4858,13.9188, 0.101805
193.874,84.2842,13.92, 0.109406
193.861,84.8518,13.9195, 0.109916
193.824,82.473,13.9183, 0.106777
193.895,80.316,13.9209, 0.104405
194.096,78.4307,13.9282, 0.101998
194.006,76.5901,13.9251, 0.099394
193.524,73.7974,13.9079, 0.0960545
193.044,72.566,13.8907, 0.0945815
193.148,73.7221,13.8943, 0.0961515
193.269,74.0186,13.8987, 0.0965347
194.115,74.1198,13.9291, 0.0963204
194.389,70.6918,13.9391, 0.0920606
194.264,68.7403,13.9347, 0.0895571
194.187,66.986,13.932, 0.0873037
194.46,61.4984,13.9421, 0.0799814
194.545,62.0821,13.9451, 0.0808317
194.509,62.9559,13.9437, 0.0819742
194.253,62.953,13.9346, 0.0819758
194.56,64.4144,13.9455, 0.0838148
194.607,66.4045,13.9471, 0.0863341
194.871,65.2523,13.9566, 0.0847806
194.295,68.6839,13.9358, 0.0894457
194.398,65.7556,13.9396, 0.0855843
194.412,68.0904,13.94, 0.0885933
194.36,72.4225,13.938, 0.0942862
195.152,72.2609,13.9663, 0.0939219
195.161,73.417,13.9666, 0.0953917
194.768,78.0781,13.9523, 0.101601
194.663,73.2235,13.9488, 0.0952896
194.255,76.822,13.934, 0.100158
194.653,74.9065,13.9483, 0.0974763
194.887,74.2603,13.9568, 0.0965559
195.283,76.1749,13.9709, 0.0988765
195.293,75.5393,13.9712, 0.0980983
195.234,75.7151,13.9691, 0.0982096
195.44,76.3163,13.9765, 0.0990653
195.479,75.3992,13.9779, 0.0978706
195.894,72.1368,13.9929, 0.0934768
195.803,70.4382,13.9897, 0.0911662
195.576,72.5302,13.9815, 0.0940334
196.003,77.205,13.9966, 0.0999306
195.929,75.3439,13.994, 0.0975086
196.293,74.4553,14.0071, 0.0962395
196.18,74.2697,14.003, 0.0958903
196.134,71.7021,14.0015, 0.0924896
195.898,73.1255,13.993, 0.0943902
195.447,70.6992,13.977, 0.0913413
195.333,70.9219,13.9729, 0.0916909
194.924,74.5742,13.9581, 0.0966071
194.962,68.9644,13.9597, 0.0892498
195.283,69.1649,13.9712, 0.0894696
195.345,68.908,13.9734, 0.0891785
195.278,66.2206,13.9712, 0.085723
195.59,66.1379,13.9823, 0.0854423
195.297,65.5889,13.9719, 0.0848082
195.726,67.0449,13.9872, 0.0865618
196.196,68.8896,14.0039, 0.0888942
196.057,69.0418,13.9989, 0.0893104
196.452,69.1497,14.013, 0.0892696
196.147,70.5175,14.002, 0.0911349
195.859,67.4831,13.9919, 0.0872782
195.666,70.8148,13.9848, 0.091795
195.717,69.427,13.9867, 0.0898949
195.53,69.8192,13.98, 0.0903528
195.615,69.9608,13.983, 0.0902971
195.23,69.4792,13.9693, 0.0895979
195.029,70.6022,13.962, 0.0912292
195.061,69.0672,13.9633, 0.0891819
194.946,63.459,13.9594, 0.0820414
194.919,60.0304,13.9586, 0.0775836
194.838,58.4398,13.9558, 0.0756471
194.536,58.4527,13.9449, 0.0758176
194.705,56.5719,13.9511, 0.0732558
194.288,55.3191,13.9362, 0.0717247
194.286,54.0183,13.9362, 0.0700974
194.293,51.1212,13.9366, 0.0661278
194.206,58.7755,13.9331, 0.0760333
193.997,56.933,13.9257, 0.0737515
193.991,60.8049,13.9253, 0.0788797
194.451,60.5436,13.9418, 0.0783471
194.614,58.9411,13.9477, 0.0763163
195.057,58.8397,13.9636, 0.0758241
194.818,57.3649,13.9551, 0.0740988
195.238,50.9094,13.9705, 0.0654353
195.132,49.7206,13.9667, 0.0640488
195.228,48.0821,13.9702, 0.0619198
195.033,51.2399,13.9631, 0.0660774
195.19,56.8979,13.9685, 0.0732279
195.198,57.1809,13.9687, 0.0736797
194.916,57.4934,13.9586, 0.0740877
195.072,63.0808,13.9639, 0.0813124
195.186,67.2575,13.9678, 0.0866622
195.208,63.9909,13.9688, 0.0825611
195.412,63.3844,13.9761, 0.0817525
195.231,64.6236,13.9696, 0.0835505
195.035,66.7957,13.9624, 0.0863111
194.828,68.8665,13.9549, 0.0889858
195.126,70.0642,13.9655, 0.0903331
195.038,71.2966,13.9623, 0.0919593
194.714,68.2142,13.9509, 0.0882936
195.054,67.6572,13.9631, 0.0870995
195.184,70.3542,13.9676, 0.0904503
195.016,67.5857,13.9617, 0.0868867
194.732,68.5862,13.9515, 0.0883791
194.755,71.5229,13.9522, 0.0918063
194.339,68.4741,13.9374, 0.0882103
194.243,67.58,13.934, 0.0872065
194.479,66.8192,13.9425, 0.0862928
193.821,62.7929,13.9191, 0.0815121
193.919,64.9084,13.9225, 0.0843309
193.92,66.3156,13.9225, 0.0862717
194.335,64.1287,13.9375, 0.0832947
194.636,61.9315,13.9484, 0.080247
194.543,59.3499,13.9451, 0.0770777
194.829,60.7157,13.9553, 0.078668
195.038,59.6926,13.9629, 0.0774681
195.095,58.822,13.965, 0.0760709
195.108,54.4544,13.9656, 0.070485
195.439,61.6004,13.9772, 0.0794752
195.849,60.4762,13.9919, 0.0780585
196.065,64.5328,13.9994, 0.0831113
196.675,58.4292,14.0214, 0.0751068
196.937,58.1231,14.0308, 0.0748403
196.866,61.696,14.0281, 0.0795504
196.704,64.2304,14.0222, 0.083028
196.621,62.7274,14.0193, 0.0809434
196.682,62.1529,14.0215, 0.0802187
196.65,62.9956,14.0203, 0.0811597
196.531,64.5211,14.016, 0.0831671
196.001,67.305,13.9969, 0.0871196
195.927,67.3114,13.9943, 0.0873179
195.104,72.1575,13.9646, 0.0939067
195.056,70.1987,13.963, 0.0912084
195.372,67.9717,13.9744, 0.0882523
194.851,73.7388,13.9555, 0.0959821
195.196,79.8796,13.9676, 0.103808
195.163,84.5344,13.9662, 0.109948
194.867,90.6812,13.9553, 0.118092
194.238,89.7713,13.9328, 0.117147
194.645,88.843,13.9474, 0.115734
193.826,91.9858,13.9179, 0.120325
193.723,92.7944,13.9141, 0.121491
194.032,96.0231,13.9251, 0.125595
193.913,97.5014,13.9207, 0.127342
193.889,98.3226,13.9198, 0.128371
194.149,99.637,13.9291, 0.129761
194.163,105.512,13.9293, 0.137686
193.665,106.789,13.9114, 0.13947
193.125,104.725,13.892, 0.136976
193.479,106.607,13.9047, 0.139314
193.011,109.911,13.8877, 0.143862
192.963,110.314,13.8859, 0.144165
192.42,116.316,13.8661, 0.152578
192.248,117.014,13.8598, 0.153592
191.547,115.554,13.8346, 0.151937
191.954,115.88,13.8493, 0.152132
192.206,113.002,13.8585, 0.148511
192.109,113.527,13.855, 0.14944
192.13,119.225,13.8554, 0.157036
191.764,121.696,13.8421, 0.160521
192.144,114.549,13.8562, 0.150847
192.192,120.377,13.8576, 0.158693
192.63,120.171,13.8734, 0.158296
193.229,114.242,13.8953, 0.150653
193.664,114.617,13.9109, 0.15088
193.958,117.458,13.9214, 0.154391
194.115,117.162,13.927, 0.153911
194.113,120.684,13.9268, 0.158621
193.887,124.166,13.9185, 0.163252
194.003,122.791,13.9227, 0.161476
193.994,116.408,13.9227, 0.15313
193.193,124.618,13.8935, 0.164435
193.917,119.86,13.9198, 0.157861
193.492,122.856,13.9043, 0.162024
193.763,118.465,13.9143, 0.156108
194.005,109.987,13.9234, 0.144588
194.023,112.779,13.9239, 0.148174
193.95,118.154,13.921, 0.1554
194.055,116.994,13.9249, 0.15388
194.57,117.115,13.9433, 0.153979
194.651,115.777,13.9463, 0.152344
194.323,113.045,13.9347, 0.148916
194.854,111.89,13.9538, 0.147228
194.993,111.629,13.9588, 0.147175
194.573,116.189,13.9435, 0.153332
194.369,119.185,13.936, 0.157386
194.594,118.585,13.9441, 0.156135
194.535,121.717,13.9419, 0.160601
194.076,124.61,13.9252, 0.164842
194.458,122.964,13.939, 0.162127
194.54,116.404,13.9423, 0.153414
194.566,124.47,13.9428, 0.164674
194.635,124.31,13.9453, 0.164278
194.454,125.122,13.9388, 0.165586
194.382,126.912,13.9361, 0.168158
194.59,126.77,13.9436, 0.167934
194.795,124.885,13.951, 0.164833
195.185,121.957,13.9651, 0.160729
195.515,125.528,13.9768, 0.165372
195.296,122.779,13.9691, 0.161635
195.097,124.208,13.9619, 0.163704
194.928,124.391,13.9558, 0.164227
194.481,124.322,13.9398, 0.163955
194.158,132.947,13.9278, 0.175445
194.21,131.338,13.9297, 0.173315
193.772,139.998,13.9136, 0.185199
193.859,146.713,13.9164, 0.194148
193.909,140.977,13.9185, 0.186567
193.839,136.867,13.9161, 0.181251
193.42,126.468,13.9016, 0.167384
193.551,123.575,13.9064, 0.163232
193.467,118.529,13.9036, 0.156572
193.162,120.762,13.8926, 0.159704
192.985,113.141,13.8866, 0.149465
193.26,110.608,13.8966, 0.14599
193.429,108.197,13.9028, 0.142337
193.907,104.286,13.9202, 0.136872
193.967,94.9139,13.9228, 0.12464
194.379,93.0531,13.9376, 0.121984
195.092,97.2756,13.963, 0.127642
194.973,100.982,13.9586, 0.132743
194.603,105.247,13.9451, 0.138779
194.607,104.505,13.9453, 0.137813
194.403,107.927,13.9378, 0.14263
194.306,110.022,13.9342, 0.145302
194.122,111.545,13.9275, 0.14746
194.204,112.182,13.9304, 0.148431
193.829,114.054,13.9169, 0.150856
193.657,113.097,13.9107, 0.14942
194.261,108.961,13.9326, 0.143235
194.359,101.194,13.9365, 0.132758
194.299,101.022,13.9344, 0.132399
194.702,94.9492,13.9491, 0.124226
194.616,101.702,13.9458, 0.132957
195.047,98.9807,13.9613, 0.128924
194.811,92.8173,13.9532, 0.120807
194.66,92.3543,13.9478, 0.120255
195.063,98.345,13.9619, 0.128182
195.381,98.6839,13.9733, 0.128332
195.27,98.497,13.9694, 0.128156
195.449,100.955,13.9756, 0.131524
194.826,103.222,13.9532, 0.1348
195.177,107.004,13.9656, 0.139779
195.011,105.691,13.9597, 0.138363
194.758,104.511,13.9507, 0.136842
194.791,100.549,13.9521, 0.131506
194.719,94.9979,13.9498, 0.124147
194.383,98.5022,13.9375, 0.128991
194.743,102.675,13.9503, 0.134645
194.417,105.025,13.9384, 0.137844
194.95,99.3137,13.9578, 0.129888
195.103,100.634,13.9632, 0.13158
195.036,99.0847,13.9609, 0.129607
194.63,101.559,13.9463, 0.132817
194.385,100.957,13.9375, 0.132088
194.646,98.0248,13.947, 0.127941
194.015,100.403,13.9242, 0.131939
194.434,99.9277,13.9393, 0.131285
194.082,106.032,13.9264, 0.13964
193.662,103.112,13.9114, 0.135966
193.512,101.93,13.9061, 0.13438
193.523,99.9115,13.9066, 0.131449
193.914,97.4767,13.9207, 0.128078
193.978,103.955,13.9227, 0.136682
194.382,98.4541,13.9375, 0.128941
194.582,99.0406,13.9447, 0.129506
194.277,97.3382,13.9338, 0.127452
194.222,104.135,13.9315, 0.136482
194.585,97.3568,13.9448, 0.127228
193.97,102.617,13.9225, 0.134624
193.916,101.919,13.9206, 0.133142
193.605,109.983,13.909, 0.144116
193.732,100.894,13.9141, 0.131202
193.731,98.0348,13.9142, 0.127513
194.025,98.9122,13.9247, 0.128782
193.433,102.958,13.9032, 0.134194
193.463,96.8965,13.9046, 0.126319
193.758,91.4754,13.9154, 0.118731
193.29,96.2439,13.8984, 0.125217
193.162,108.544,13.8932, 0.141134
193.606,108.025,13.9092, 0.139812
193.299,115.012,13.8979, 0.149207
194.094,113.201,13.9265, 0.146334
194.659,116.139,13.9467, 0.150176
194.188,99.1308,13.9306, 0.128539
194.022,99.0296,13.9246, 0.128332
193.711,96.828,13.9135, 0.125251
193.635,93.1098,13.911, 0.120564
193.715,89.9096,13.914, 0.116519
193.208,94.0889,13.8955, 0.122648
193.455,96.4039,13.9043, 0.125463
193.14,93.9465,13.8931, 0.122004
192.95,96.7597,13.8861, 0.125817
193.279,86.2112,13.8985, 0.112115
192.808,97.1571,13.881, 0.126929
193.075,95.5594,13.8907, 0.124494
193.152,94.9309,13.8935, 0.123659
193.134,95.9861,13.8928, 0.125326
193.013,93.5708,13.8885, 0.122099
193.386,91.4771,13.9021, 0.119232
194.095,93.6579,13.9274, 0.121826
194.241,91.9969,13.9328, 0.119547
194.063,97.9171,13.9261, 0.127488
193.829,102.888,13.9175, 0.133833
193.881,99.5468,13.9195, 0.128794
193.275,96.5252,13.8979, 0.125049
193.433,91.9035,13.9038, 0.118885
193.292,90.2005,13.8988, 0.117013
192.894,90.2748,13.8844, 0.117519
192.802,92.3188,13.881, 0.120398
193.225,85.9303,13.8965, 0.111767
192.963,89.3457,13.8869, 0.116702
192.82,88.8196,13.8818, 0.115934
193.058,90.7887,13.8903, 0.118416
192.799,94.6007,13.8808, 0.123466
192.857,94.0886,13.8829, 0.122795
192.707,103.129,13.8771, 0.134676
192.542,105.456,13.871, 0.138356
192.732,100.72,13.8781, 0.132199
192.845,98.907,13.8822, 0.129748
193.159,95.1337,13.8937, 0.1246
193.335,92.3947,13.9002, 0.12101
193.336,96.3789,13.9, 0.126528
193.425,98.9965,13.9031, 0.129834
193.679,102.766,13.912, 0.134772
193.575,105.161,13.9082, 0.137806
193.193,104.142,13.8945, 0.136649
193.166,104.697,13.8935, 0.137468
193.167,100.837,13.8937, 0.132204
193.057,97.0639,13.8899, 0.127221
192.766,95.4233,13.8795, 0.125217
192.849,95.8583,13.8825, 0.125598
193.001,86.9469,13.8884, 0.113842
192.812,85.9227,13.8817, 0.112335
193.145,87.3819,13.8936, 0.113984
192.964,86.2807,13.8871, 0.11266
193.033,90.2399,13.8894, 0.117866
193.573,89.7666,13.9089, 0.117089
193.317,91.6664,13.8996, 0.11964
194.044,83.158,13.9261, 0.108087
194.182,86.4927,13.9309, 0.112408
193.96,88.1864,13.9228, 0.115202
193.698,94.0047,13.9131, 0.123091
193.402,94.7705,13.9025, 0.124116
193.309,93.4616,13.8992, 0.122431
193.401,94.4122,13.9024, 0.12362
193.626,89.1541,13.9108, 0.116543
194.204,84.7784,13.9318, 0.110298
194.591,80.8658,13.9459, 0.104905
194.634,77.0961,13.9476, 0.0998338
194.866,78.9122,13.9558, 0.102196
194.951,75.4426,13.959, 0.0977059
194.848,80.7368,13.9551, 0.104607
195.066,79.3757,13.963, 0.102426
195.692,80.0952,13.9853, 0.103017
195.836,77.2171,13.9906, 0.0990314
195.765,71.9278,13.9884, 0.0919955
195.364,73.7855,13.9739, 0.0946639
195.813,72.662,13.99, 0.0929515
196.079,76.5507,13.9994, 0.0978544
196.278,78.4365,14.0064, 0.100224
196.352,77.9861,14.0091, 0.0994961
196.514,76.0278,14.0149, 0.0968723
196.701,73.0856,14.0217, 0.0929938
196.801,74.1353,14.0252, 0.0945346
196.601,75.7578,14.018, 0.0965896
196.56,80.6263,14.0163, 0.10292
196.141,86.4652,14.0011, 0.110781
195.615,86.2209,13.9823, 0.11053
195.566,87.3017,13.9805, 0.111805
195.394,91.4647,13.9742, 0.117488
195.763,89.6049,13.9875, 0.115041
195.479,95.8692,13.977, 0.123276
196.019,94.1847,13.9964, 0.12106
195.423,94.1762,13.9751, 0.121254
195.522,96.9035,13.9785, 0.125022
195.844,93.5695,13.9901, 0.12055
195.822,85.4243,13.9897, 0.10975
196.121,82.8244,14.0006, 0.106087
195.863,89.2064,13.991, 0.114759
196.287,90.7667,14.0061, 0.116464
196.338,90.0139,14.008, 0.115763
196.329,95.6948,14.0074, 0.123001
196.155,100.435,14.0009, 0.129068
196.034,99.3148,13.9967, 0.127682
195.704,99.8045,13.9849, 0.128487
196.008,92.7518,13.9961, 0.119299
196.147,93.0675,14.001, 0.119846
195.839,96.251,13.9898, 0.124122
196.017,90.9626,13.9965, 0.117103
195.791,92.6633,13.9883, 0.119342
195.724,93.9419,13.9858, 0.121199
195.594,89.807,13.9814, 0.115964
195.885,88.0058,13.9919, 0.1138
196.001,93.571,13.9957, 0.120974
195.914,97.3848,13.9925, 0.125915
195.51,92.8438,13.9782, 0.120085
195.593,85.2172,13.9816, 0.110062
194.842,92.4211,13.9543, 0.120275
194.661,94.502,13.9477, 0.122895
194.624,98.1246,13.9462, 0.127731
194.994,97.9059,13.9595, 0.126886
194.613,93.2613,13.9461, 0.120786
194.453,96.9476,13.9402, 0.125694
194.815,91.8128,13.9534, 0.118874
195.062,93.0581,13.9622, 0.120047
194.904,90.8167,13.9566, 0.117645
194.426,86.8646,13.9397, 0.112822
194.582,94.1588,13.9449, 0.122628
194.779,99.3782,13.9517, 0.129134
195,89.08,13.9602, 0.115044
195.623,86.8928,13.9826, 0.111744
195.559,88.7146,13.9802, 0.11419
195.654,92.8742,13.9834, 0.119424
195.366,94.24,13.973, 0.120964
195.623,97.4629,13.9821, 0.12526
195.429,103.253,13.9749, 0.132991
195.772,95.9319,13.9875, 0.12305
195.795,99.5529,13.9881, 0.12818
195.551,96.2975,13.9795, 0.124383
195.6,95.234,13.9814, 0.1228
195.543,95.3227,13.9793, 0.123139
195.293,94.0212,13.9704, 0.121704
194.614,100.485,13.9458, 0.130341
194.698,100.673,13.9488, 0.130939
194.46,107.228,13.9399, 0.139892
194.263,108.792,13.9327, 0.14204
194.78,106.892,13.9514, 0.138908
195.081,108.922,13.9621, 0.140866
195.89,106.126,13.9912, 0.136633
195.92,106.59,13.9923, 0.137371
195.595,108.467,13.9805, 0.139913
195.297,113.199,13.9697, 0.14657
195.376,112.179,13.9725, 0.144999
195.233,116.495,13.9672, 0.150539
194.804,112.68,13.952, 0.145785
194.735,112.061,13.9496, 0.145062
195.102,114.598,13.9626, 0.147676
195.16,125.988,13.9642, 0.16238
195.164,123.109,13.9645, 0.158683
194.727,124.931,13.9487, 0.161436
194.592,135.664,13.9434, 0.175387
194.722,136.507,13.948, 0.176619
194.605,139.477,13.9437, 0.180572
194.67,133.617,13.9463, 0.173063
194.912,134.618,13.9549, 0.174114
195.402,130.256,13.9727, 0.167789
195.633,137.396,13.9806, 0.176963
195.879,135.716,13.9895, 0.174276
196.13,131.997,13.9986, 0.169519
195.934,130.142,13.9917, 0.166989
195.916,123.966,13.9913, 0.158963
195.911,127.669,13.991, 0.163762
195.518,125.924,13.977, 0.161582
195.027,119.81,13.9597, 0.153884
194.913,117.705,13.9557, 0.151133
194.241,118.175,13.9316, 0.151837
194.566,118.804,13.9433, 0.15234
194.56,114.792,13.9432, 0.147379
194.665,118.955,13.9468, 0.152544
194.63,109.671,13.946, 0.140472
194.941,113.81,13.9569, 0.145346
194.658,109.655,13.947, 0.140138
194.395,114.147,13.9373, 0.14593
193.85,112.565,13.9178, 0.144345
194.515,116.976,13.9415, 0.149678
194.451,113.648,13.9394, 0.145427
194.91,117.17,13.9557, 0.149658
194.852,117.402,13.9536, 0.149993
194.844,119.163,13.9532, 0.152394
194.691,115.106,13.9479, 0.147256
194.401,115.11,13.9375, 0.147456
193.902,108.924,13.9199, 0.139969
193.911,109.277,13.9202, 0.140364
193.81,100.262,13.917, 0.129011
193.399,106.802,13.9019, 0.137482
193.364,101.846,13.9009, 0.131028
193.498,102.746,13.9056, 0.132165
193.367,96.9344,13.9012, 0.124573
193.279,99.8292,13.8979, 0.12811
193.149,94.5868,13.8934, 0.121787
193.651,91.9331,13.9116, 0.118253
193.08,91.0156,13.8911, 0.117143
193.248,94.7305,13.897, 0.121793
193.989,98.6369,13.9235, 0.126306
194.415,100.733,13.9387, 0.128757
194.115,102.59,13.9278, 0.131191
194.321,102.066,13.9353, 0.130505
194.281,99.8559,13.9339, 0.127813
194.6,97.6958,13.9454, 0.125035
194.351,92.8838,13.9367, 0.118911
194.493,90.302,13.942, 0.115538
194.672,86.8365,13.9485, 0.110877
194.544,85.882,13.944, 0.109726
194.757,84.4538,13.9517, 0.107886
195.023,86.1147,13.9612, 0.109679
194.912,90.6843,13.957, 0.115332
194.973,85.2062,13.9594, 0.108493
195.009,87.8129,13.9606, 0.11183
194.983,93.3888,13.9594, 0.119083
194.682,90.8829,13.9487, 0.115974
194.662,91.5658,13.948, 0.11707
194.619,90.2519,13.9465, 0.115577
194.57,88.385,13.9448, 0.113489
194.271,88.2717,13.9341, 0.11353
194.27,85.9231,13.9341, 0.11065
194.128,86.9775,13.929, 0.112194
193.817,82.8376,13.918, 0.106962
193.537,83.6287,13.9079, 0.108019
193.376,83.9207,13.9021, 0.108495
193.435,76.1718,13.9046, 0.0985089
193.515,80.1718,13.9073, 0.103687
193.16,78.0403,13.8946, 0.101078
193.332,80.6273,13.9007, 0.104411
193.363,82.4672,13.9017, 0.106646
193.459,82.3823,13.9052, 0.106507
193.426,80.3284,13.904, 0.103801
193.293,80.2792,13.8993, 0.103836
193.592,79.7655,13.91, 0.102961
193.398,78.1676,13.9031, 0.101111
193.291,77.0147,13.8993, 0.0997718
193.67,77.1971,13.913, 0.0998224
193.427,75.5267,13.9043, 0.0979882
193.428,71.8208,13.9045, 0.0933189
193.174,75.3418,13.8952, 0.0979995
193.338,76.8657,13.901, 0.0997701
193.32,72.6575,13.9006, 0.0943881
193.28,82.7536,13.8987, 0.107406
193.594,77.3991,13.9102, 0.100071
193.682,78.273,13.9134, 0.101146
193.309,78.6135,13.8999, 0.101688
193.098,73.5563,13.8926, 0.0951161
193.186,70.1614,13.8959, 0.0906558
193.642,73.0299,13.9122, 0.0940853
193.838,70.2037,13.9193, 0.0902299
193.558,73.6367,13.9091, 0.094567
193.713,75.1526,13.9146, 0.0963155
193.883,76.3154,13.9207, 0.0977351
194.429,79.401,13.9401, 0.101681
194.226,79.831,13.9328, 0.102358
194.227,79.2335,13.9329, 0.101631
194.449,81.4395,13.9408, 0.104543
194.836,86.0471,13.9544, 0.11034
194.737,87.3999,13.9508, 0.111915
195.103,88.0004,13.9639, 0.112584
195.46,86.5444,13.9768, 0.110603
195.077,85.8091,13.9631, 0.109477
194.997,79.109,13.9605, 0.101006
195.455,82.578,13.9768, 0.10511
195.214,83.3902,13.9681, 0.105987
195.212,84.981,13.968, 0.108028
195.193,86.4018,13.9672, 0.109885
194.781,87.4632,13.9524, 0.11136
194.879,83.8184,13.9561, 0.106733
195.14,81.8604,13.9655, 0.104097
195.084,80.4551,13.9636, 0.102243
195.289,81.4158,13.9709, 0.103451
195.177,80.9919,13.9669, 0.102918
194.804,85.1696,13.9534, 0.108522
193.772,85.152,13.9163, 0.108964
193.941,84.4895,13.9224, 0.108139
194.397,82.7934,13.9389, 0.105737
194.329,78.9927,13.9366, 0.100813
194.655,79.318,13.9483, 0.101089
195.191,82.4666,13.9673, 0.105094
194.703,81.7947,13.9499, 0.104405
194.681,78.2472,13.9492, 0.10012
194.495,78.982,13.9425, 0.101144
195.095,79.5701,13.964, 0.102039
194.552,80.6795,13.9445, 0.10369
194.702,79.9113,13.9499, 0.102833
194.955,81.811,13.9589, 0.105104
195.151,79.4443,13.966, 0.101998
194.984,80.0497,13.96, 0.103132
194.618,83.1101,13.9467, 0.107468
194.511,77.1438,13.9432, 0.0996122
194.657,81.5874,13.9482, 0.105406
194.997,81.255,13.9604, 0.10477
194.706,81.8556,13.9499, 0.105641
194.302,78.7207,13.9356, 0.101674
194.646,79.2908,13.9479, 0.102255
194.399,79.4278,13.9391, 0.102538
194.247,79.304,13.9336, 0.10262
194.967,77.3618,13.9595, 0.09976
195.203,75.6057,13.968, 0.0975447
195.461,74.7842,13.9773, 0.0962
195.667,77.8919,13.9845, 0.100215
195.668,79.7373,13.9845, 0.102796
195.455,82.202,13.9767, 0.106173
195.921,79.8566,13.9935, 0.103101
195.768,80.1022,13.988, 0.103511
196.007,75.887,13.9968, 0.0978727
195.598,76.8304,13.9821, 0.099397
195.561,73.2883,13.981, 0.0945682
195.48,75.1416,13.978, 0.0970654
195.55,78.5915,13.9803, 0.101411
195.518,82.7557,13.979, 0.107154
195.802,85.1989,13.989, 0.11016
195.532,81.889,13.9795, 0.106059
195.271,82.4157,13.9702, 0.106841
195.406,86.7472,13.9748, 0.112436
195.055,86.602,13.9622, 0.112625
195.023,88.1985,13.961, 0.114833
194.875,89.7734,13.9556, 0.11693
195.475,82.6573,13.9774, 0.107401
195.645,83.227,13.9835, 0.108059
195.797,79.3575,13.9891, 0.102848
195.811,79.5233,13.9896, 0.103155
195.762,78.6295,13.9879, 0.101732
195.639,79.9587,13.9835, 0.103343
195.504,82.3479,13.9785, 0.106407
195.665,75.0967,13.9846, 0.096836
195.883,73.9333,13.9925, 0.0952087
195.55,75.4155,13.9805, 0.0972155
195.367,74.6045,13.974, 0.0962044
195.851,77.7949,13.9911, 0.10019
195.697,78.7172,13.9856, 0.10149
195.658,77.225,13.9842, 0.0996829
195.297,76.5208,13.9714, 0.0987206
194.859,78.4791,13.9556, 0.101501
194.819,77.2023,13.9542, 0.0997403
194.723,77.6762,13.9507, 0.100297
195.339,75.8361,13.9729, 0.0976902
195.605,72.293,13.9826, 0.092976
195.723,72.2822,13.9868, 0.0928765
195.92,71.5396,13.9939, 0.0918983
195.827,76.2311,13.9904, 0.0979258
195.758,74.0634,13.988, 0.095249
196.079,77.5567,13.9993, 0.0996276
196.319,77.9231,14.0078, 0.100044
196.513,72.4018,14.015, 0.0926819
196.141,74.8731,14.0016, 0.0957895
195.975,77.2685,13.9956, 0.0989225
195.839,78.8931,13.9907, 0.101145
195.755,81.1949,13.9875, 0.104171
195.991,84.4089,13.9958, 0.108296
196.014,82.9639,13.9967, 0.106448
195.544,85.4401,13.9798, 0.109735
195.917,83.0881,13.9933, 0.106612
196.031,83.1978,13.9973, 0.106814
196.535,79.8848,14.0155, 0.102552
196.542,84.0202,14.0155, 0.107861
195.82,83.6876,13.9897, 0.107559
195.662,87.7219,13.9839, 0.112862
195.433,87.3956,13.9757, 0.112482
195.334,90.7827,13.972, 0.116967
195.111,92.5447,13.964, 0.119201
194.796,92.5424,13.9527, 0.119499
194.233,93.2386,13.9324, 0.120438
194.389,97.4737,13.9379, 0.125822
194.034,99.1268,13.925, 0.127857
194.22,100.896,13.9316, 0.130028
194.379,105.517,13.9371, 0.136005
195.405,105.473,13.9739, 0.135504
195.613,103.367,13.9814, 0.132823
196.019,102.563,13.996, 0.131403
196.158,102.069,14.001, 0.130847
195.801,102.444,13.9882, 0.131461
195.577,100.498,13.9803, 0.129177
195.751,101.711,13.9864, 0.130909
196.365,103.014,14.0083, 0.132233
196.204,100.342,14.0027, 0.129109
196.295,106.694,14.0057, 0.137091
195.797,104.132,13.988, 0.134126
195.306,109.959,13.9701, 0.141972
195.287,115.457,13.9692, 0.149082
195.982,120.73,13.9938, 0.155541
195.929,122.168,13.9918, 0.157481
195.57,122.791,13.979, 0.158666
195.83,122.425,13.9883, 0.158177
195.709,127.5,13.9837, 0.164921
195.457,127.267,13.9747, 0.165054
195.128,127.641,13.9629, 0.165787
195.181,125.902,13.9649, 0.163615
194.897,129.188,13.9546, 0.167957
193.993,131.267,13.922, 0.170816
193.544,126.85,13.9061, 0.165648
194.035,125.308,13.9238, 0.163421
193.899,119.269,13.9192, 0.155621
193.58,117.244,13.9078, 0.153016
193.243,113.45,13.8959, 0.148312
192.777,110.959,13.8792, 0.145134
192.769,98.8517,13.8795, 0.129214
193.315,93.8278,13.8994, 0.122229
193.533,91.4209,13.9074, 0.118939
193.409,93.8797,13.9028, 0.122178
193.722,95.3146,13.914, 0.123567
193.917,99.9482,13.9208, 0.129633
193.479,101.131,13.905, 0.131592
192.905,103.636,13.8842, 0.135181
193.27,96.8891,13.8976, 0.12657
193.585,98.4668,13.9089, 0.128494
193.532,96.007,13.9071, 0.125236
193.689,87.8843,13.9131, 0.114488
194.032,82.017,13.9257, 0.106414
193.883,84.2354,13.9203, 0.109386
194.534,80.7108,13.9438, 0.10445
194.634,76.8261,13.9476, 0.099671
194.298,80.3933,13.9354, 0.104269
194.302,84.2207,13.9353, 0.109478
194.527,81.2072,13.9435, 0.105412
194.057,78.9778,13.9268, 0.103002
194.446,80.3271,13.9407, 0.104584
194.764,82.7524,13.952, 0.107379
194.851,77.4369,13.9553, 0.100567
195.234,79.3253,13.969, 0.102619
195.209,85.0612,13.9678, 0.109936
194.778,82.9308,13.9525, 0.107234
195.232,78.9501,13.9689, 0.101894
194.993,75.563,13.9605, 0.0976033
195.102,79.3897,13.9642, 0.102551
194.984,83.3617,13.9598, 0.107724
194.813,87.598,13.9535, 0.113372
194.782,86.8565,13.9524, 0.112399
194.675,87.2314,13.9486, 0.112801
194.848,88.3149,13.9547, 0.113926
194.896,86.9995,13.9565, 0.11237
194.769,88.3056,13.9519, 0.114045
194.851,88.7989,13.9548, 0.114668
195.496,89.0421,13.9779, 0.114612
195.495,91.7099,13.9778, 0.118052
195.235,94.2398,13.9683, 0.121433
195.05,95.5276,13.9617, 0.123179
195.567,95.3235,13.9802, 0.122664
196.236,94.4723,14.0041, 0.121477
195.773,91.8854,13.9877, 0.118358
195.86,88.4184,13.991, 0.113786
195.444,92.4529,13.9759, 0.119032
195.353,97.5403,13.9724, 0.125678
194.979,100.019,13.9589, 0.129124
195.64,100.38,13.9825, 0.129199
195.166,98.1208,13.9657, 0.126338
195.158,95.349,13.9655, 0.122969
195.66,88.6484,13.9838, 0.114057
196.065,84.1187,13.9985, 0.107984
196.496,79.2381,14.0141, 0.101531
196.439,81.4083,14.012, 0.104445
196.29,78.31,14.0068, 0.100446
196.126,76.8542,14.001, 0.0985222
195.678,81.2743,13.9848, 0.104385
195.904,80.9567,13.9929, 0.103986
195.818,74.9228,13.9901, 0.0960648
195.909,80.5886,13.9931, 0.103365
195.863,76.5823,13.9916, 0.098272
196.096,78.1488,13.9999, 0.1001
196.497,83.466,14.014, 0.106868
196.852,80.8661,14.0267, 0.103317
196.697,81.8972,14.0212, 0.10471
197.028,82.1313,14.033, 0.104916
197.642,81.4158,14.0549, 0.10372
197.644,82.9772,14.0549, 0.10572
197.328,79.1884,14.0438, 0.100869
197.372,79.7136,14.0453, 0.101428
197.162,79.5837,14.0379, 0.101278
196.93,78.2132,14.0297, 0.0996197
196.684,80.1461,14.0208, 0.102262
196.682,85.2849,14.0205, 0.108921
196.77,81.9511,14.0238, 0.104509
196.391,79.5241,14.0104, 0.101613
196.454,83.0738,14.0124, 0.106367
196.842,83.8631,14.0262, 0.107515
196.72,76.6296,14.0222, 0.0980554
196.58,81.8496,14.017, 0.104968
196.27,87.1771,14.0057, 0.112065
195.99,91.5819,13.9954, 0.118261
196.331,89.6855,14.0077, 0.115767
196.337,91.7335,14.0078, 0.11839
196.313,90.9472,14.007, 0.117395
196.131,88.7978,14.0006, 0.114571
196.113,92.6963,13.9998, 0.119587
195.82,88.1616,13.9895, 0.113865
195.997,86.1309,13.996, 0.110933
195.895,81.31,13.9925, 0.104687
196.209,80.8112,14.0038, 0.103777
196.103,80.5064,14, 0.103363
196.231,87.0876,14.0043, 0.111738
196.487,95.2657,14.013, 0.122188
196.056,93.0166,13.9978, 0.11954
195.687,91.151,13.9847, 0.117183
195.059,85.4715,13.9624, 0.11029
194.94,83.1144,13.9583, 0.107344
195.294,82.2916,13.971, 0.106388
195.185,85.8328,13.9669, 0.110763
195.564,84.2099,13.9806, 0.108397
196.141,83.3051,14.0012, 0.106832
195.923,83.863,13.9934, 0.108028
196.324,83.3469,14.0077, 0.107542
196.136,81.8375,14.0011, 0.105322
196.162,80.4877,14.0021, 0.103594
195.6,79.912,13.982, 0.103274
195.235,83.0218,13.9688, 0.107711
194.96,86.3984,13.9588, 0.112061
195.404,84.6927,13.9748, 0.109442
195.774,81.3629,13.9882, 0.104959
195.73,86.8911,13.9864, 0.112361
195.642,89.1018,13.9831, 0.115566
196.159,88.8697,14.0016, 0.114794
196.09,89.2719,13.9991, 0.115465
196.325,91.1694,14.0074, 0.118054
195.92,95.1536,13.9927, 0.123761
195.87,96.8671,13.9909, 0.126181
196.014,90.8118,13.9963, 0.117856
195.883,95.3774,13.9914, 0.124094
195.903,88.0516,13.9925, 0.114013
196.151,101.044,14.0007, 0.131203
195.881,102.939,13.991, 0.133761
195.385,110.585,13.9729, 0.144597
194.921,107.329,13.9564, 0.140435
195.179,106.509,13.9657, 0.139657
195.022,113.033,13.9597, 0.148535
195.416,105.747,13.9742, 0.138104
195.036,110.947,13.9603, 0.145604
194.666,111.253,13.947, 0.146702
195.233,104.085,13.9677, 0.136562
194.865,109.391,13.9543, 0.144073
195.006,108.334,13.9593, 0.143255
195.017,109.035,13.9597, 0.144202
194.547,120.589,13.9423, 0.159353
194.174,115.142,13.9292, 0.152526
194.328,121.841,13.9344, 0.161433
194.284,116.721,13.933, 0.154936
193.905,116.986,13.9194, 0.155543
194.4,105.096,13.9378, 0.138863
193.979,107.524,13.9225, 0.142722
194.21,103.38,13.931, 0.137164
194.589,103.484,13.9446, 0.13716
195.144,93.7934,13.965, 0.123676
195.545,87.1799,13.9797, 0.114114
195.587,84.4424,13.9813, 0.110353
195.608,84.2844,13.9821, 0.110574
195.891,86.2753,13.9921, 0.113305
195.91,81.6861,13.993, 0.106734
195.198,93.1648,13.967, 0.12295
194.956,95.792,13.9582, 0.126599
195.402,87.5845,13.9746, 0.115112
195.62,78.6297,13.9828, 0.102875
195.556,88.5109,13.98, 0.115747
195.383,82.2404,13.9741, 0.107292
195.384,73.6404,13.9746, 0.0955889
195.562,83.5061,13.9805, 0.1087
195.408,80.7476,13.9751, 0.105092
195.047,85.8567,13.9619, 0.112514
194.756,87.6284,13.9514, 0.115535
195.175,89.8924,13.9663, 0.117821
195.379,94.7312,13.9734, 0.124346
195.041,94.4931,13.9613, 0.123913
194.783,94.2919,13.9521, 0.123791
194.892,97.0925,13.9558, 0.127616
194.988,108.144,13.9587, 0.14229
195.754,99.5378,13.9866, 0.129416
195.771,98.8605,13.9873, 0.128448
195.859,96.8211,13.9905, 0.125259
196.088,97.0443,13.9987, 0.125845
196.623,98.5008,14.0177, 0.126964
196.532,90.185,14.0149, 0.115965
196.509,102.72,14.0135, 0.13297
196.536,106.037,14.0143, 0.137459
196.212,106.539,14.0027, 0.138125
196.618,110.516,14.017, 0.143539
196.585,106.783,14.016, 0.138502
196.834,108.731,14.0248, 0.140918
196.333,122.998,14.0062, 0.160677
196.465,106.669,14.0117, 0.138544
196.255,109.064,14.004, 0.142795
196.766,102.565,14.0226, 0.132869
196.845,92.581,14.0259, 0.119281
197.037,85.5257,14.0331, 0.10978
196.981,84.5466,14.0311, 0.108568
197.06,85.8726,14.0339, 0.110036
197.614,77.371,14.054, 0.0984527
197.641,75.8141,14.0551, 0.0962444
197.303,81.3952,14.0428, 0.104004
197.031,80.0939,14.0332, 0.102652
197.022,81.9074,14.0327, 0.104987
197.214,85.3642,14.0394, 0.109355
197.376,85.4127,14.0452, 0.109225
197.638,82.3148,14.0547, 0.10507
197.445,80.953,14.0479, 0.103525
197.324,85.287,14.0433, 0.109191
197.323,79.9946,14.0436, 0.102335
197.355,75.061,14.0449, 0.0958337
197.251,71.374,14.0414, 0.0911822
197.653,68.3006,14.0559, 0.0866543
197.352,70.9641,14.045, 0.0905565
197.067,70.9826,14.0349, 0.0905794
197.344,67.1518,14.0449, 0.0851554
197.673,61.78,14.0569, 0.0780904
197.586,61.0367,14.0538, 0.0772712
197.456,57.9381,14.0493, 0.0733561
197.574,60.3726,14.0534, 0.0765416
197.557,59.9107,14.0528, 0.0759865
197.647,59.2344,14.056, 0.0751873
197.393,58.3866,14.0471, 0.0741683
197.402,59.8504,14.0473, 0.0759894
197.612,55.6895,14.055, 0.0706466
197.511,61.7019,14.0511, 0.0784536
197.498,61.8259,14.0507, 0.0784564
197.456,62.7761,14.0491, 0.0795766
197.235,67.4277,14.041, 0.0858416
197.064,62.946,14.0351, 0.0802265
197.052,62.2933,14.0347, 0.0794245
196.819,57.3121,14.0267, 0.0728521
197.074,56.2005,14.0358, 0.0712186
196.913,54.4355,14.0301, 0.0690347
197.121,51.2964,14.0377, 0.0650132
197.48,51.9395,14.0505, 0.0657306
197.66,53.4124,14.0568, 0.0674389
197.597,53.1307,14.0546, 0.0671015
197.577,53.594,14.0538, 0.0675962
197.373,54.9482,14.0465, 0.0693029
197.58,55.0535,14.0539, 0.0693687
197.579,53.5397,14.0539, 0.0675377
197.786,56.1802,14.0611, 0.0708572
197.798,55.6792,14.0616, 0.0700478
197.736,50.6383,14.0596, 0.0637544
197.796,49.6564,14.0618, 0.0625434
197.672,53.2004,14.0573, 0.0670002
197.571,57.3789,14.0535, 0.0722959
197.504,55.1139,14.0512, 0.0694342
197.495,57.0899,14.0508, 0.0718438
196.921,62.4448,14.0301, 0.0787352
196.578,64.402,14.0178, 0.0812686
196.829,59.2616,14.0269, 0.0749001
196.739,56.7269,14.0238, 0.0719111
196.254,57.2096,14.0065, 0.0727431
196.489,57.7339,14.0149, 0.0733952
196.253,55.961,14.0065, 0.0711809
196.504,58.47,14.0154, 0.0744293
196.423,61.334,14.0123, 0.0779995
196.635,65.7558,14.0197, 0.0836285
196.587,67.2224,14.0179, 0.0854612
196.704,66.7445,14.0221, 0.0848655
